o1,o2,year,cocomplaints
13594,13788,2000,3
27740,32294,2000,2
30620,30978,1998,2
17142,31363,2006,2
11763,23964,2000,2
30737,32294,2000,2
4599,13111,2000,2
3912,25364,1997,2
9712,13111,2000,2
21974,26675,2001,2
14045,15502,1993,2
2386,18985,2001,2
2369,7015,1990,2
2453,3127,2000,2
4495,25366,1997,2
4599,9712,2000,2
9517,27740,2000,2
17103,19048,2009,2
9517,30737,2000,2
9517,32294,2000,2
27740,30737,2000,2
1625,29687,2000,2
127,22301,1990,1
127,24251,1990,1
127,26280,1990,1
127,26863,1990,1
127,27602,1990,1
127,28255,1990,1
127,28273,1990,1
127,28459,1990,1
127,29882,1990,1
127,29917,1990,1
127,30841,1990,1
127,30849,1990,1
127,32074,1990,1
128,29942,2002,1
191,1844,1993,1
191,8944,1991,1
191,30862,1991,1
225,23534,1995,1
256,5674,2007,1
256,27860,2007,1
263,639,2002,1
263,25864,2002,1
270,6468,1996,1
376,17830,2001,1
376,29850,1999,1
385,18985,1993,1
403,1721,2007,1
403,12342,2007,1
422,12147,2001,1
473,16700,1994,1
478,3439,1993,1
478,21229,1993,1
478,24177,2001,1
529,3431,1998,1
529,5520,1998,1
529,6747,1998,1
579,1901,1997,1
621,11533,1993,1
621,13326,1992,1
639,25864,2002,1
645,1932,1990,1
645,2369,1990,1
645,3220,1990,1
645,3927,1990,1
645,4794,1994,1
645,4844,1990,1
645,5259,1990,1
645,6315,1990,1
645,6351,1990,1
645,6747,1990,1
645,7015,1990,1
645,7532,1990,1
645,8138,1990,1
645,13740,1990,1
645,17534,1990,1
645,17817,1990,1
645,18341,1990,1
645,21712,1989,1
645,22301,1990,1
645,24251,1990,1
645,26280,1990,1
645,26863,1990,1
645,27602,1990,1
645,28255,1990,1
645,28273,1990,1
645,28459,1990,1
645,29882,1990,1
645,29917,1990,1
645,30107,1989,1
645,30841,1990,1
645,30849,1990,1
645,31514,1989,1
645,32074,1990,1
645,32427,1991,1
650,15014,1998,1
678,5674,2003,1
678,12798,2003,1
759,5446,1995,1
759,9458,1991,1
759,9458,1995,1
833,31392,1992,1
836,6187,1995,1
836,26843,1995,1
885,3697,1996,1
885,5061,1996,1
885,5568,1996,1
885,8992,1996,1
885,12788,1996,1
885,15760,1996,1
885,18104,1996,1
885,22809,1996,1
885,22810,1996,1
885,23253,1996,1
885,30710,1996,1
889,1179,1992,1
889,28411,1998,1
889,30862,1998,1
902,8850,1997,1
903,12765,1993,1
910,26267,2006,1
910,27694,1998,1
944,2375,1995,1
944,3908,1995,1
944,5075,1995,1
944,5667,1995,1
944,5756,1995,1
944,6260,1995,1
944,8134,1995,1
944,9254,1995,1
944,9555,1995,1
944,9713,1995,1
944,10687,1995,1
944,11266,1995,1
944,11537,1995,1
944,11999,1995,1
944,12478,1995,1
944,12788,1995,1
944,13108,1995,1
944,13401,1995,1
944,13732,1995,1
944,14750,1995,1
944,17938,1995,1
944,19491,1995,1
944,20713,1995,1
944,20772,1995,1
944,21530,1995,1
944,22231,1995,1
944,22898,1995,1
944,23534,1995,1
944,24017,1995,1
944,24340,1995,1
944,24744,1995,1
944,24780,1995,1
944,25885,1995,1
944,26856,1995,1
944,27433,1995,1
944,30111,1995,1
944,31756,1995,1
985,1048,2002,1
985,2085,2001,1
985,2323,2001,1
985,2474,2001,1
985,4324,2001,1
985,4408,2001,1
985,4415,2002,1
985,7261,2001,1
985,8062,2002,1
985,8658,2001,1
985,8992,2001,1
985,9620,2001,1
985,10352,2001,1
985,10809,2001,1
985,10902,2001,1
985,11413,2001,1
985,12961,2001,1
985,13401,2001,1
985,14313,2001,1
985,16171,2001,1
985,16345,2001,1
985,16886,2001,1
985,19934,2001,1
985,21197,2002,1
985,22172,2001,1
985,23265,2001,1
985,26167,2001,1
985,28411,2001,1
985,29817,2001,1
985,29842,2001,1
985,30607,2002,1
985,30677,2001,1
985,31906,2001,1
1048,4415,2002,1
1048,8062,2002,1
1048,21197,2002,1
1048,30607,2002,1
1056,6747,1991,1
1063,26363,1998,1
1091,4548,2000,1
1091,19812,2000,1
1091,20950,2000,1
1172,21371,1997,1
1172,32310,2015,1
1219,7208,2007,1
1219,30063,2007,1
1296,13377,2000,1
1296,20817,2000,1
1303,30675,2000,1
1304,9213,2001,1
1314,1324,1997,1
1314,15438,1997,1
1314,22231,1997,1
1324,15438,1997,1
1324,22231,1997,1
1344,2453,2001,1
1420,16365,1998,1
1420,16462,1999,1
1509,2013,1991,1
1509,5069,1991,1
1509,5667,1991,1
1509,6315,1991,1
1509,6400,1991,1
1509,6523,1991,1
1509,8062,1991,1
1509,9079,1991,1
1509,9386,1991,1
1509,9821,1991,1
1509,10191,1991,1
1509,10442,1991,1
1509,10698,1991,1
1509,14106,1991,1
1509,14294,1991,1
1509,14732,1991,1
1509,14750,1991,1
1509,16188,1991,1
1509,16840,1991,1
1509,19914,1991,1
1509,20439,1991,1
1509,21530,1991,1
1509,26121,1991,1
1509,28277,1991,1
1509,30021,1991,1
1509,31098,1991,1
1509,31906,1991,1
1509,32022,1991,1
1625,29687,2004,1
1647,14638,2005,1
1647,28668,2005,1
1658,9822,2002,1
1662,12364,1996,1
1662,24877,1996,1
1696,3105,2007,1
1696,23953,2007,1
1718,2705,2000,1
1718,4036,2000,1
1901,13326,1991,1
1901,18985,1994,1
1901,25584,1991,1
1932,2369,1990,1
1932,3220,1990,1
1932,3927,1990,1
1932,4844,1990,1
1932,5259,1990,1
1932,6315,1990,1
1932,6351,1990,1
1932,6747,1990,1
1932,7015,1990,1
1932,7532,1990,1
1932,8138,1990,1
1932,13740,1990,1
1932,17534,1990,1
1932,17817,1990,1
1932,18341,1990,1
1932,22301,1990,1
1932,24251,1990,1
1932,26280,1990,1
1932,26863,1990,1
1932,27602,1990,1
1932,28255,1990,1
1932,28273,1990,1
1932,28459,1990,1
1932,29882,1990,1
1932,29917,1990,1
1932,30841,1990,1
1932,30849,1990,1
1932,32074,1990,1
1948,9758,1997,1
1948,11077,2002,1
1948,19477,1989,1
1971,3444,2008,1
1971,22828,2013,1
1974,9970,2005,1
1974,23807,2005,1
1974,24188,2005,1
2013,5069,1991,1
2013,5667,1991,1
2013,6315,1991,1
2013,6400,1991,1
2013,6523,1991,1
2013,8062,1991,1
2013,8165,2001,1
2013,9079,1991,1
2013,9386,1991,1
2013,9821,1991,1
2013,10191,1991,1
2013,10442,1991,1
2013,10698,1991,1
2013,14106,1991,1
2013,14294,1991,1
2013,14732,1991,1
2013,14750,1991,1
2013,16188,1991,1
2013,16840,1991,1
2013,19914,1991,1
2013,20439,1991,1
2013,21530,1991,1
2013,26121,1991,1
2013,28277,1991,1
2013,30021,1991,1
2013,31098,1991,1
2013,31906,1991,1
2013,32022,1991,1
2085,2323,2001,1
2085,2474,2001,1
2085,4324,2001,1
2085,4408,2001,1
2085,7261,2001,1
2085,8658,2001,1
2085,8658,2003,1
2085,8992,2001,1
2085,9620,2001,1
2085,10352,2001,1
2085,10809,2001,1
2085,10902,2001,1
2085,11413,2001,1
2085,11762,2003,1
2085,12961,2001,1
2085,13401,2001,1
2085,13594,2003,1
2085,13788,2003,1
2085,14313,2001,1
2085,16171,2001,1
2085,16345,2001,1
2085,16886,2001,1
2085,19934,2001,1
2085,22172,2001,1
2085,23265,2001,1
2085,26167,2001,1
2085,28411,2001,1
2085,29817,2001,1
2085,29842,2001,1
2085,30677,2001,1
2085,31906,2001,1
2096,12798,1991,1
2096,15760,1996,1
2117,4881,1999,1
2117,30214,1999,1
2147,12501,2007,1
2147,20439,1998,1
2168,3616,2013,1
2211,19972,1991,1
2211,32420,2004,1
2222,3431,1995,1
2240,6358,1998,1
2240,23484,2000,1
2240,32047,2000,1
2307,8974,1998,1
2307,9759,1995,1
2307,12677,2000,1
2323,2474,2001,1
2323,4324,2001,1
2323,4408,2001,1
2323,7261,2001,1
2323,8658,2001,1
2323,8992,2001,1
2323,9620,2001,1
2323,10352,2001,1
2323,10809,2001,1
2323,10902,2001,1
2323,11413,2001,1
2323,12961,2001,1
2323,13401,2001,1
2323,14313,2001,1
2323,16171,2001,1
2323,16345,2001,1
2323,16886,2001,1
2323,19934,2001,1
2323,22172,2001,1
2323,23265,2001,1
2323,26167,2001,1
2323,28411,2001,1
2323,29817,2001,1
2323,29842,2001,1
2323,30677,2001,1
2323,31906,2001,1
2353,4390,1994,1
2353,12238,1994,1
2356,2375,2009,1
2356,4226,2009,1
2356,7032,2009,1
2356,9648,2009,1
2356,13093,2009,1
2356,21364,2009,1
2356,22554,2009,1
2356,25983,2009,1
2356,27668,2009,1
2356,32072,2009,1
2356,32111,2009,1
2369,3220,1990,1
2369,3927,1990,1
2369,4844,1990,1
2369,5259,1990,1
2369,6315,1990,1
2369,6351,1990,1
2369,6747,1990,1
2369,7532,1990,1
2369,8138,1990,1
2369,13740,1990,1
2369,17534,1990,1
2369,17817,1990,1
2369,18341,1990,1
2369,22301,1990,1
2369,24251,1990,1
2369,26280,1990,1
2369,26863,1990,1
2369,27602,1990,1
2369,28255,1990,1
2369,28273,1990,1
2369,28459,1990,1
2369,29882,1990,1
2369,29917,1990,1
2369,30841,1990,1
2369,30849,1990,1
2369,32074,1990,1
2374,9091,2012,1
2375,3908,1995,1
2375,4226,2009,1
2375,5075,1995,1
2375,5667,1995,1
2375,5756,1995,1
2375,6260,1995,1
2375,7032,2009,1
2375,8134,1995,1
2375,9254,1995,1
2375,9555,1995,1
2375,9648,2009,1
2375,9713,1995,1
2375,10687,1995,1
2375,11266,1995,1
2375,11537,1995,1
2375,11999,1995,1
2375,12478,1995,1
2375,12788,1995,1
2375,13093,2009,1
2375,13108,1995,1
2375,13401,1995,1
2375,13732,1995,1
2375,14750,1995,1
2375,17938,1995,1
2375,19491,1995,1
2375,20713,1995,1
2375,20772,1995,1
2375,21364,2009,1
2375,21530,1995,1
2375,22231,1995,1
2375,22554,2009,1
2375,22898,1995,1
2375,23534,1995,1
2375,24017,1995,1
2375,24340,1995,1
2375,24744,1995,1
2375,24780,1995,1
2375,25885,1995,1
2375,25983,2009,1
2375,26856,1995,1
2375,27433,1995,1
2375,27668,2009,1
2375,30111,1995,1
2375,31756,1995,1
2375,32072,2009,1
2375,32111,2009,1
2383,17414,1996,1
2383,21871,1992,1
2386,13587,2009,1
2386,21974,2001,1
2386,26675,2001,1
2388,18506,2010,1
2388,18975,1993,1
2394,3056,2010,1
2400,3897,1998,1
2400,11194,1997,1
2400,15354,1998,1
2400,15354,1999,1
2400,15354,2001,1
2400,20220,1997,1
2400,22174,1997,1
2400,27274,1997,1
2416,3791,1995,1
2416,20154,1995,1
2427,13083,1998,1
2433,10482,1991,1
2448,9674,1997,1
2448,20618,1997,1
2453,7603,2008,1
2453,20125,2008,1
2474,4324,2001,1
2474,4408,2001,1
2474,7261,2001,1
2474,8658,2001,1
2474,8992,2001,1
2474,9620,2001,1
2474,10352,2001,1
2474,10809,2001,1
2474,10902,2001,1
2474,11413,2001,1
2474,12961,2001,1
2474,13401,2001,1
2474,14313,2001,1
2474,16171,2001,1
2474,16345,2001,1
2474,16886,2001,1
2474,19934,2001,1
2474,20772,1992,1
2474,22172,2001,1
2474,23265,2001,1
2474,26167,2001,1
2474,28411,2001,1
2474,29817,2001,1
2474,29842,2001,1
2474,30677,2001,1
2474,31906,2001,1
2528,2597,1993,1
2563,8852,2015,1
2563,31119,2015,1
2600,14557,2000,1
2610,10450,2003,1
2610,21499,2003,1
2610,28043,2002,1
2622,12782,1991,1
2622,32078,1993,1
2628,4443,1997,1
2628,18082,1997,1
2720,9274,1993,1
2725,9629,1997,1
2741,17275,1994,1
2825,3429,1998,1
2825,4591,1998,1
2850,4720,1995,1
2878,13336,1993,1
2878,29959,1995,1
2956,3758,1995,1
2956,3758,1996,1
3005,5831,2005,1
3005,16271,2005,1
3043,27279,2011,1
3043,27279,2012,1
3047,9842,1996,1
3052,18472,1993,1
3052,20554,1997,1
3105,23953,2007,1
3127,25699,2009,1
3216,11980,1994,1
3220,3927,1990,1
3220,4844,1990,1
3220,5259,1990,1
3220,6315,1990,1
3220,6351,1990,1
3220,6747,1990,1
3220,7015,1990,1
3220,7532,1990,1
3220,8138,1990,1
3220,13740,1990,1
3220,17534,1990,1
3220,17817,1990,1
3220,18341,1990,1
3220,22301,1990,1
3220,24251,1990,1
3220,26280,1990,1
3220,26863,1990,1
3220,27319,1993,1
3220,27602,1990,1
3220,28255,1990,1
3220,28273,1990,1
3220,28459,1990,1
3220,29882,1990,1
3220,29917,1990,1
3220,30841,1990,1
3220,30849,1990,1
3220,32074,1990,1
3259,12195,2011,1
3259,29844,2011,1
3259,32071,2011,1
3277,16812,1993,1
3277,17946,1997,1
3388,12640,2010,1
3388,32307,2010,1
3429,4036,2005,1
3429,4591,1998,1
3429,9001,2005,1
3429,16901,1991,1
3429,19620,2005,1
3429,21609,2005,1
3431,5520,1998,1
3431,6747,1998,1
3439,21229,1993,1
3444,6393,1995,1
3444,11414,1996,1
3444,14190,2002,1
3444,18180,1995,1
3444,26101,1995,1
3444,26101,1996,1
3445,7532,2001,1
3447,5094,1999,1
3447,8140,1993,1
3447,11980,1991,1
3447,13594,1999,1
3447,29817,1999,1
3454,8562,2005,1
3482,22821,1992,1
3517,22558,1993,1
3605,14442,2009,1
3663,4881,1994,1
3663,8816,1994,1
3663,10482,2002,1
3663,14045,1994,1
3663,15502,1994,1
3663,16335,2002,1
3697,5061,1996,1
3697,5568,1996,1
3697,5653,2000,1
3697,7532,2000,1
3697,8992,1996,1
3697,12788,1996,1
3697,15760,1996,1
3697,18104,1996,1
3697,20495,1996,1
3697,21551,1996,1
3697,22809,1996,1
3697,22810,1996,1
3697,23253,1996,1
3697,30710,1996,1
3697,30842,2000,1
3758,11305,2006,1
3758,20959,2006,1
3758,21309,2006,1
3758,30756,2006,1
3758,30893,2006,1
3758,32307,2006,1
3761,28867,2005,1
3764,9699,2007,1
3767,31906,2004,1
3767,32413,2004,1
3771,31859,1996,1
3776,26959,1993,1
3791,20154,1995,1
3821,3946,1997,1
3821,9555,1993,1
3824,12085,2011,1
3897,15354,1998,1
3908,5075,1995,1
3908,5667,1995,1
3908,5756,1995,1
3908,6260,1995,1
3908,8134,1995,1
3908,9254,1995,1
3908,9555,1995,1
3908,9713,1995,1
3908,10687,1995,1
3908,11266,1995,1
3908,11537,1995,1
3908,11999,1995,1
3908,12478,1995,1
3908,12788,1995,1
3908,13108,1995,1
3908,13401,1995,1
3908,13732,1995,1
3908,14750,1995,1
3908,17938,1995,1
3908,19491,1995,1
3908,20713,1995,1
3908,20772,1995,1
3908,21530,1995,1
3908,22231,1995,1
3908,22898,1995,1
3908,23534,1995,1
3908,24017,1995,1
3908,24340,1995,1
3908,24744,1995,1
3908,24780,1995,1
3908,25885,1995,1
3908,26856,1995,1
3908,27433,1995,1
3908,30111,1995,1
3908,31756,1995,1
3910,8079,1992,1
3910,18410,2006,1
3950,20033,1997,1
3950,31482,1991,1
3956,16881,2007,1
3956,24189,1994,1
3976,3993,1991,1
3976,30845,1991,1
4013,4017,2004,1
4013,10351,1998,1
4013,10351,2004,1
4013,29384,2004,1
4017,10351,2004,1
4017,29384,2004,1
4036,9001,2005,1
4036,19620,2005,1
4036,21609,2005,1
4060,24177,2001,1
4060,25699,2001,1
4062,10166,2001,1
4137,6276,1991,1
4212,24017,1990,1
4226,7032,2009,1
4226,9648,2009,1
4226,13093,2009,1
4226,21364,2009,1
4226,22554,2009,1
4226,25983,2009,1
4226,27668,2009,1
4226,32072,2009,1
4226,32111,2009,1
4233,8432,2003,1
4233,15017,2003,1
4263,32041,1999,1
4294,31411,2008,1
4294,32202,2008,1
4334,11999,2001,1
4334,12147,2005,1
4334,12176,2001,1
4334,24790,2001,1
4390,10542,1995,1
4390,12238,1994,1
4390,25576,1995,1
4408,7261,2001,1
4408,8658,2001,1
4408,8992,2001,1
4408,9620,2001,1
4408,10352,2001,1
4408,10809,2001,1
4408,10902,2001,1
4408,11413,2001,1
4408,12961,2001,1
4408,13401,2001,1
4408,14313,2001,1
4408,16171,2001,1
4408,16345,2001,1
4408,16886,2001,1
4408,19934,2001,1
4408,22172,2001,1
4408,23265,2001,1
4408,26167,2001,1
4408,28411,2001,1
4408,29817,2001,1
4408,29842,2001,1
4408,30677,2001,1
4408,31906,2001,1
4415,8062,2002,1
4415,21197,2002,1
4415,30607,2002,1
4443,5204,2000,1
4443,5715,1999,1
4443,18082,1997,1
4447,5439,2012,1
4447,21362,2012,1
4447,31363,2012,1
4447,31648,2012,1
4488,29073,1997,1
4495,10435,1997,1
4495,19934,1997,1
4495,22486,1997,1
4495,25366,1998,1
4530,6757,2002,1
4530,10289,2000,1
4530,16112,2000,1
4530,25976,2000,1
4530,29297,2000,1
4599,12236,1999,1
4638,13604,1998,1
4707,11436,2006,1
4707,11863,2006,1
4707,32255,2006,1
4707,32375,2006,1
4720,25507,2011,1
4844,5259,1990,1
4844,6315,1990,1
4844,6351,1990,1
4844,6747,1990,1
4844,7015,1990,1
4844,7532,1990,1
4844,8138,1990,1
4844,13740,1990,1
4844,16133,1991,1
4844,17534,1990,1
4844,17817,1990,1
4844,18341,1990,1
4844,22301,1990,1
4844,24251,1990,1
4844,26280,1990,1
4844,26863,1990,1
4844,27602,1990,1
4844,28255,1990,1
4844,28273,1990,1
4844,28459,1990,1
4844,29882,1990,1
4844,29917,1990,1
4844,30841,1990,1
4844,30849,1990,1
4844,32074,1990,1
4881,10890,1991,1
4881,19510,1994,1
4881,21974,1995,1
4881,30214,1999,1
4884,11999,1998,1
4884,27339,2000,1
4926,7265,1997,1
4926,10928,1997,1
4926,22463,1997,1
4926,23781,1997,1
4956,5362,1997,1
4961,8134,2009,1
4961,21813,2009,1
4961,26790,2009,1
5052,7972,2007,1
5052,14684,2007,1
5052,24177,2007,1
5061,5568,1996,1
5061,8992,1996,1
5061,12788,1996,1
5061,15760,1996,1
5061,18104,1996,1
5061,22809,1996,1
5061,22810,1996,1
5061,23253,1996,1
5061,30710,1996,1
5069,5667,1991,1
5069,6315,1991,1
5069,6400,1991,1
5069,6523,1991,1
5069,8062,1991,1
5069,9079,1991,1
5069,9386,1991,1
5069,9821,1991,1
5069,10191,1991,1
5069,10442,1991,1
5069,10698,1991,1
5069,13359,2004,1
5069,14106,1991,1
5069,14294,1991,1
5069,14732,1991,1
5069,14750,1991,1
5069,16188,1991,1
5069,16840,1991,1
5069,19914,1991,1
5069,20439,1991,1
5069,21530,1991,1
5069,26121,1991,1
5069,28277,1991,1
5069,30021,1991,1
5069,31098,1991,1
5069,31906,1991,1
5069,32022,1991,1
5075,5667,1995,1
5075,5756,1995,1
5075,6260,1995,1
5075,8134,1995,1
5075,9254,1995,1
5075,9555,1995,1
5075,9713,1995,1
5075,10687,1995,1
5075,11266,1995,1
5075,11537,1995,1
5075,11999,1995,1
5075,12478,1995,1
5075,12788,1995,1
5075,13108,1995,1
5075,13401,1995,1
5075,13732,1995,1
5075,14750,1995,1
5075,17938,1995,1
5075,19491,1995,1
5075,20713,1995,1
5075,20772,1995,1
5075,21530,1995,1
5075,22231,1995,1
5075,22898,1995,1
5075,23534,1995,1
5075,24017,1995,1
5075,24340,1995,1
5075,24744,1995,1
5075,24780,1995,1
5075,25885,1995,1
5075,26856,1995,1
5075,27433,1995,1
5075,30111,1995,1
5075,31756,1995,1
5079,21439,1988,1
5094,13594,1999,1
5094,29817,1999,1
5124,5231,1996,1
5124,12409,1996,1
5124,17816,1995,1
5124,17816,1996,1
5158,29511,2002,1
5193,5360,2002,1
5193,10072,2001,1
5205,12085,2004,1
5205,30675,2004,1
5362,10717,2009,1
5439,21362,2012,1
5439,31648,2012,1
5444,15344,1999,1
5444,17611,2005,1
5444,18896,1999,1
5445,10103,1997,1
5445,24230,1997,1
5445,25144,1997,1
5445,32145,1997,1
5446,9458,1995,1
5491,13256,2011,1
5491,23484,2011,1
5520,6747,1998,1
5531,25177,2017,1
5568,8992,1996,1
5568,12788,1996,1
5568,15760,1996,1
5568,18104,1996,1
5568,22809,1996,1
5568,22810,1996,1
5568,23253,1996,1
5568,30710,1996,1
5571,16617,2007,1
5571,25191,2007,1
5587,15137,1997,1
5618,22229,1996,1
5618,28120,1996,1
5625,18410,2010,1
5653,7532,2000,1
5653,26692,2007,1
5653,30842,2000,1
5653,31005,2007,1
5667,5756,1995,1
5667,6260,1995,1
5667,6315,1991,1
5667,6400,1991,1
5667,6523,1991,1
5667,8062,1991,1
5667,8134,1995,1
5667,9079,1991,1
5667,9254,1995,1
5667,9386,1991,1
5667,9555,1995,1
5667,9713,1995,1
5667,9821,1991,1
5667,10191,1991,1
5667,10442,1991,1
5667,10687,1995,1
5667,10698,1991,1
5667,11266,1995,1
5667,11537,1995,1
5667,11999,1995,1
5667,12478,1995,1
5667,12788,1995,1
5667,13108,1995,1
5667,13401,1995,1
5667,13417,1993,1
5667,13732,1995,1
5667,14106,1991,1
5667,14294,1991,1
5667,14732,1991,1
5667,14750,1991,1
5667,14750,1995,1
5667,16188,1991,1
5667,16840,1991,1
5667,17938,1995,1
5667,19491,1995,1
5667,19914,1991,1
5667,20439,1991,1
5667,20713,1995,1
5667,20772,1995,1
5667,21150,2000,1
5667,21530,1991,1
5667,21530,1995,1
5667,22231,1995,1
5667,22898,1995,1
5667,23534,1995,1
5667,24017,1995,1
5667,24340,1995,1
5667,24744,1995,1
5667,24780,1995,1
5667,25885,1995,1
5667,26121,1991,1
5667,26856,1995,1
5667,27433,1995,1
5667,28277,1991,1
5667,30021,1991,1
5667,30111,1995,1
5667,31098,1991,1
5667,31756,1995,1
5667,31906,1991,1
5667,32022,1991,1
5674,12491,2003,1
5674,12798,2003,1
5674,13179,2003,1
5674,19477,2003,1
5674,27860,2007,1
5715,13765,2000,1
5715,28530,2000,1
5739,13876,1994,1
5739,17816,2000,1
5739,17816,2003,1
5739,26096,1994,1
5739,30627,1994,1
5749,13576,1992,1
5749,17688,1991,1
5756,6260,1995,1
5756,8134,1995,1
5756,9254,1995,1
5756,9555,1995,1
5756,9713,1995,1
5756,10687,1995,1
5756,11266,1995,1
5756,11537,1995,1
5756,11999,1995,1
5756,12478,1995,1
5756,12788,1995,1
5756,13108,1995,1
5756,13401,1995,1
5756,13732,1995,1
5756,14750,1995,1
5756,17938,1995,1
5756,19491,1995,1
5756,20713,1995,1
5756,20772,1995,1
5756,21530,1995,1
5756,22231,1995,1
5756,22898,1995,1
5756,23534,1995,1
5756,24017,1995,1
5756,24340,1995,1
5756,24744,1995,1
5756,24780,1995,1
5756,25885,1995,1
5756,26856,1995,1
5756,27433,1995,1
5756,30111,1995,1
5756,31756,1995,1
5763,13049,2006,1
5763,20114,2006,1
5763,28258,2010,1
5763,30710,2006,1
5831,13417,2005,1
5831,23521,2005,1
5831,27279,2005,1
5831,28069,2005,1
5831,28069,2009,1
5831,30114,2005,1
5854,16886,1996,1
5854,30351,1996,1
6088,8457,2008,1
6088,16873,2008,1
6088,20218,2008,1
6088,23690,2007,1
6088,24721,2007,1
6102,21314,1998,1
6102,28327,1998,1
6119,8691,2005,1
6119,17372,2005,1
6119,21883,2001,1
6119,24425,2005,1
6119,27392,2005,1
6187,18002,1999,1
6187,26843,1995,1
6224,10851,2000,1
6224,21987,2013,1
6224,25345,2013,1
6254,17369,2002,1
6254,25491,2002,1
6254,25631,2002,1
6260,8134,1995,1
6260,9254,1995,1
6260,9555,1995,1
6260,9713,1995,1
6260,10687,1995,1
6260,11266,1995,1
6260,11266,2003,1
6260,11537,1995,1
6260,11999,1995,1
6260,12478,1995,1
6260,12788,1995,1
6260,13108,1995,1
6260,13401,1995,1
6260,13732,1995,1
6260,14750,1995,1
6260,17938,1995,1
6260,19491,1995,1
6260,20713,1995,1
6260,20772,1995,1
6260,21530,1995,1
6260,22231,1995,1
6260,22898,1995,1
6260,23534,1995,1
6260,24017,1995,1
6260,24340,1995,1
6260,24744,1995,1
6260,24780,1995,1
6260,25885,1995,1
6260,26856,1995,1
6260,27433,1995,1
6260,30111,1995,1
6260,31756,1995,1
6276,10858,1999,1
6276,20651,1998,1
6276,28335,1994,1
6301,18902,2014,1
6301,25149,2014,1
6301,26616,2014,1
6301,27614,1998,1
6301,31831,2012,1
6301,31831,2014,1
6301,32061,2014,1
6313,9260,1995,1
6313,30417,1994,1
6315,6351,1990,1
6315,6400,1991,1
6315,6523,1991,1
6315,6747,1990,1
6315,7015,1990,1
6315,7532,1990,1
6315,8062,1991,1
6315,8138,1990,1
6315,9079,1991,1
6315,9386,1991,1
6315,9821,1991,1
6315,10191,1991,1
6315,10442,1991,1
6315,10698,1991,1
6315,13406,1994,1
6315,13740,1990,1
6315,14106,1991,1
6315,14294,1991,1
6315,14732,1991,1
6315,14750,1991,1
6315,16188,1991,1
6315,16840,1991,1
6315,17534,1990,1
6315,17817,1990,1
6315,18341,1990,1
6315,19914,1991,1
6315,20439,1991,1
6315,21530,1991,1
6315,22301,1990,1
6315,24251,1990,1
6315,26121,1991,1
6315,26280,1990,1
6315,26863,1990,1
6315,27602,1990,1
6315,28255,1990,1
6315,28273,1990,1
6315,28277,1991,1
6315,28459,1990,1
6315,29882,1990,1
6315,29917,1990,1
6315,30021,1991,1
6315,30841,1990,1
6315,30849,1990,1
6315,31098,1991,1
6315,31906,1991,1
6315,32022,1991,1
6315,32074,1990,1
6351,6747,1990,1
6351,7015,1990,1
6351,7532,1990,1
6351,8138,1990,1
6351,13740,1990,1
6351,15137,2003,1
6351,17534,1990,1
6351,17817,1990,1
6351,18341,1990,1
6351,22301,1990,1
6351,24251,1990,1
6351,26280,1990,1
6351,26863,1990,1
6351,27602,1990,1
6351,28255,1990,1
6351,28273,1990,1
6351,28459,1990,1
6351,29882,1990,1
6351,29917,1990,1
6351,30841,1990,1
6351,30849,1990,1
6351,32074,1990,1
6393,13111,1995,1
6393,23807,1995,1
6393,26101,1995,1
6393,30111,1992,1
6400,6523,1991,1
6400,8062,1991,1
6400,9079,1991,1
6400,9386,1991,1
6400,9821,1991,1
6400,10191,1991,1
6400,10442,1991,1
6400,10698,1991,1
6400,14106,1991,1
6400,14294,1991,1
6400,14732,1991,1
6400,14750,1991,1
6400,16188,1991,1
6400,16840,1991,1
6400,19914,1991,1
6400,20439,1991,1
6400,21530,1991,1
6400,26121,1991,1
6400,28277,1991,1
6400,30021,1991,1
6400,31098,1991,1
6400,31906,1991,1
6400,32022,1991,1
6433,20317,1990,1
6433,24403,1990,1
6451,7826,1996,1
6451,16945,2008,1
6451,18697,1997,1
6451,20798,2008,1
6451,29452,2008,1
6468,9963,2010,1
6468,16856,2010,1
6523,8062,1991,1
6523,9079,1991,1
6523,9386,1991,1
6523,9821,1991,1
6523,10191,1991,1
6523,10442,1991,1
6523,10698,1991,1
6523,14106,1991,1
6523,14294,1991,1
6523,14732,1991,1
6523,14750,1991,1
6523,16188,1991,1
6523,16840,1991,1
6523,19914,1991,1
6523,20439,1991,1
6523,21530,1991,1
6523,26121,1991,1
6523,28277,1991,1
6523,30021,1991,1
6523,31098,1991,1
6523,31906,1991,1
6523,32022,1991,1
6599,20661,2012,1
6620,10259,2009,1
6620,23011,2009,1
6620,28335,2009,1
6620,32272,2009,1
6686,17679,1989,1
6736,12412,2008,1
6747,7015,1990,1
6747,7532,1990,1
6747,8138,1990,1
6747,13740,1990,1
6747,17534,1990,1
6747,17817,1990,1
6747,18341,1990,1
6747,22301,1990,1
6747,24251,1990,1
6747,26280,1990,1
6747,26863,1990,1
6747,26866,1997,1
6747,27602,1990,1
6747,28255,1990,1
6747,28273,1990,1
6747,28459,1990,1
6747,29882,1990,1
6747,29917,1990,1
6747,30841,1990,1
6747,30849,1990,1
6747,30849,1991,1
6747,32074,1990,1
6797,8342,2012,1
6929,28391,1996,1
7015,7532,1990,1
7015,8138,1990,1
7015,8476,1994,1
7015,13740,1990,1
7015,14630,1994,1
7015,17534,1990,1
7015,17817,1990,1
7015,18341,1990,1
7015,22301,1990,1
7015,23633,1993,1
7015,24251,1990,1
7015,26280,1990,1
7015,26863,1990,1
7015,27602,1990,1
7015,28255,1990,1
7015,28273,1990,1
7015,28459,1990,1
7015,29882,1990,1
7015,29917,1990,1
7015,30166,1993,1
7015,30841,1990,1
7015,30849,1990,1
7015,32074,1990,1
7160,26692,2004,1
7199,21710,2006,1
7199,23707,2006,1
7208,22704,1993,1
7233,8287,1992,1
7243,18266,1997,1
7261,8658,2001,1
7261,8992,2001,1
7261,9620,2001,1
7261,10352,2001,1
7261,10809,2001,1
7261,10902,2001,1
7261,11413,2001,1
7261,12961,2001,1
7261,13401,2001,1
7261,14313,2001,1
7261,16171,2001,1
7261,16345,2001,1
7261,16886,2001,1
7261,19934,2001,1
7261,22172,2001,1
7261,23265,2001,1
7261,26167,2001,1
7261,28411,2001,1
7261,29817,2001,1
7261,29842,2001,1
7261,30677,2001,1
7261,31906,2001,1
7261,32062,2011,1
7261,32158,2011,1
7261,32227,2011,1
7265,10928,1997,1
7265,22463,1997,1
7265,23781,1997,1
7390,30607,2002,1
7394,10231,1992,1
7394,30095,1992,1
7431,15014,1999,1
7471,31641,1993,1
7532,8138,1990,1
7532,13740,1990,1
7532,17534,1990,1
7532,17817,1990,1
7532,18341,1990,1
7532,19130,2002,1
7532,22301,1990,1
7532,24251,1990,1
7532,26280,1990,1
7532,26863,1990,1
7532,27602,1990,1
7532,28255,1990,1
7532,28273,1990,1
7532,28459,1990,1
7532,29882,1990,1
7532,29917,1990,1
7532,30841,1990,1
7532,30849,1990,1
7532,32074,1990,1
7590,31861,2010,1
7639,20385,1998,1
7639,29729,1998,1
7639,31386,2010,1
7639,32025,1998,1
7703,14842,2004,1
7712,27932,1993,1
7725,18823,2000,1
7725,25615,2000,1
7729,18315,2000,1
7729,30389,2000,1
7729,30866,2000,1
7729,31588,2000,1
7729,32314,2000,1
7826,24415,1998,1
7826,25299,1996,1
7972,14684,2007,1
7972,24177,2007,1
8062,9079,1991,1
8062,9386,1991,1
8062,9821,1991,1
8062,10191,1991,1
8062,10442,1991,1
8062,10698,1991,1
8062,14106,1991,1
8062,14294,1991,1
8062,14638,2000,1
8062,14732,1991,1
8062,14750,1991,1
8062,16188,1991,1
8062,16840,1991,1
8062,19797,2000,1
8062,19914,1991,1
8062,20439,1991,1
8062,21197,2002,1
8062,21530,1991,1
8062,24464,1997,1
8062,26121,1991,1
8062,28277,1991,1
8062,29486,1997,1
8062,29841,2000,1
8062,30021,1991,1
8062,30607,2002,1
8062,31098,1991,1
8062,31906,1991,1
8062,32022,1991,1
8063,9429,1995,1
8127,8154,2002,1
8127,8287,2002,1
8127,10687,2002,1
8128,31411,1991,1
8134,9254,1995,1
8134,9555,1995,1
8134,9713,1995,1
8134,10687,1995,1
8134,11266,1995,1
8134,11537,1995,1
8134,11999,1995,1
8134,12478,1995,1
8134,12788,1995,1
8134,13108,1995,1
8134,13401,1995,1
8134,13406,2001,1
8134,13732,1995,1
8134,14750,1995,1
8134,17938,1995,1
8134,19491,1995,1
8134,20713,1995,1
8134,20772,1995,1
8134,21530,1995,1
8134,22231,1995,1
8134,22898,1995,1
8134,23534,1995,1
8134,24017,1995,1
8134,24340,1995,1
8134,24744,1995,1
8134,24780,1995,1
8134,25885,1995,1
8134,26856,1995,1
8134,27433,1995,1
8134,30111,1995,1
8134,31756,1995,1
8138,10482,1996,1
8138,13740,1990,1
8138,17534,1990,1
8138,17817,1990,1
8138,18341,1990,1
8138,18985,1996,1
8138,21974,1996,1
8138,22301,1990,1
8138,24251,1990,1
8138,26280,1990,1
8138,26863,1990,1
8138,27602,1990,1
8138,27907,1993,1
8138,28255,1990,1
8138,28273,1990,1
8138,28459,1990,1
8138,29882,1990,1
8138,29917,1990,1
8138,30474,1993,1
8138,30841,1990,1
8138,30849,1990,1
8138,32074,1990,1
8140,21530,1993,1
8153,8394,2003,1
8153,22828,2002,1
8154,8287,2002,1
8154,10687,2002,1
8154,31859,1999,1
8274,8330,1992,1
8330,29730,2007,1
8342,8431,1995,1
8375,15845,1996,1
8386,20331,2000,1
8394,27849,2002,1
8432,15017,2003,1
8463,17087,1996,1
8463,26866,1996,1
8476,14415,1997,1
8562,13169,2003,1
8562,23841,2003,1
8562,25077,2003,1
8562,27778,2003,1
8562,31052,2003,1
8640,12109,2011,1
8658,8992,2001,1
8658,9620,2001,1
8658,10352,2001,1
8658,10809,2001,1
8658,10902,2001,1
8658,11413,2001,1
8658,11762,2003,1
8658,12961,2001,1
8658,13401,2001,1
8658,13594,2003,1
8658,13788,1998,1
8658,13788,2001,1
8658,13788,2002,1
8658,13788,2003,1
8658,14313,2001,1
8658,16171,2001,1
8658,16345,2001,1
8658,16886,2001,1
8658,19934,2001,1
8658,22172,2001,1
8658,23265,2001,1
8658,26167,2001,1
8658,28411,2001,1
8658,29817,2001,1
8658,29842,2001,1
8658,29917,1998,1
8658,30107,1998,1
8658,30607,1998,1
8658,30677,2001,1
8658,31906,2001,1
8668,16551,2011,1
8691,17372,2005,1
8691,24425,2005,1
8691,27392,2005,1
8762,13312,2009,1
8762,32274,2009,1
8778,14294,2009,1
8778,19845,2009,1
8778,22127,2009,1
8816,14045,1994,1
8816,15502,1994,1
8839,16427,1998,1
8839,25772,1998,1
8839,29210,1998,1
8944,30862,1991,1
8974,28528,2013,1
8985,9555,1995,1
8985,9555,2000,1
8985,24415,1998,1
8985,25252,1998,1
8985,25300,1998,1
8992,9620,2001,1
8992,10352,2001,1
8992,10809,2001,1
8992,10902,2001,1
8992,11413,2001,1
8992,12788,1996,1
8992,12961,2001,1
8992,13401,2001,1
8992,13784,1999,1
8992,14313,2001,1
8992,15760,1996,1
8992,16171,2001,1
8992,16345,2001,1
8992,16886,2001,1
8992,18104,1996,1
8992,19934,2001,1
8992,22172,2001,1
8992,22809,1996,1
8992,22810,1996,1
8992,23253,1996,1
8992,23265,2001,1
8992,26167,2001,1
8992,28411,2001,1
8992,29817,2001,1
8992,29842,2001,1
8992,30677,2001,1
8992,30710,1996,1
8992,31906,2001,1
9001,19620,2005,1
9001,21609,2005,1
9062,31760,2004,1
9079,9386,1991,1
9079,9821,1991,1
9079,10191,1991,1
9079,10442,1991,1
9079,10698,1991,1
9079,14106,1991,1
9079,14294,1991,1
9079,14732,1991,1
9079,14750,1991,1
9079,16188,1991,1
9079,16840,1991,1
9079,19914,1991,1
9079,20439,1991,1
9079,21530,1991,1
9079,26121,1991,1
9079,28277,1991,1
9079,30021,1991,1
9079,31098,1991,1
9079,31906,1991,1
9079,32022,1991,1
9081,9309,1999,1
9081,10560,1999,1
9081,11680,1999,1
9081,21287,1999,1
9088,29310,2016,1
9088,29940,2016,1
9100,16427,1993,1
9100,18104,1991,1
9100,31482,1993,1
9105,26888,2000,1
9115,30447,1998,1
9134,23362,2004,1
9232,31237,1999,1
9238,11021,2010,1
9238,24145,2006,1
9254,16427,1995,1
9254,19006,1995,1
9254,25126,1995,1
9254,31482,1995,1
9309,10560,1999,1
9309,11680,1999,1
9309,21287,1999,1
9316,17721,2015,1
9328,9977,1995,1
9328,31983,1995,1
9386,9821,1991,1
9386,10191,1991,1
9386,10191,1996,1
9386,10442,1991,1
9386,10698,1991,1
9386,14106,1991,1
9386,14294,1991,1
9386,14732,1991,1
9386,14750,1991,1
9386,16188,1991,1
9386,16840,1991,1
9386,19914,1991,1
9386,19997,2011,1
9386,20439,1991,1
9386,21530,1991,1
9386,26121,1991,1
9386,28277,1991,1
9386,30021,1991,1
9386,31098,1991,1
9386,31906,1991,1
9386,32022,1991,1
9454,24457,2010,1
9478,31912,1997,1
9478,31912,1998,1
9479,20769,2002,1
9555,9713,1995,1
9555,10687,1995,1
9555,11266,1995,1
9555,11537,1995,1
9555,11999,1995,1
9555,12478,1995,1
9555,12788,1995,1
9555,13108,1995,1
9555,13401,1995,1
9555,13732,1995,1
9555,14750,1995,1
9555,17938,1995,1
9555,19491,1995,1
9555,20713,1995,1
9555,20772,1995,1
9555,21530,1995,1
9555,22231,1995,1
9555,22898,1995,1
9555,23534,1995,1
9555,24017,1995,1
9555,24340,1995,1
9555,24744,1995,1
9555,24780,1995,1
9555,25885,1995,1
9555,26856,1995,1
9555,27433,1995,1
9555,30111,1995,1
9555,31756,1995,1
9601,19790,1993,1
9620,10352,2001,1
9620,10809,2001,1
9620,10902,2001,1
9620,11413,2001,1
9620,12961,2001,1
9620,13401,2001,1
9620,14313,2001,1
9620,16171,2001,1
9620,16345,2001,1
9620,16886,2001,1
9620,19934,2001,1
9620,22172,2001,1
9620,23265,2001,1
9620,26167,2001,1
9620,28411,2001,1
9620,29817,2001,1
9620,29842,2001,1
9620,30677,2001,1
9620,31906,2001,1
9648,13093,2009,1
9648,21364,2009,1
9648,22554,2009,1
9648,25983,2009,1
9648,27614,1993,1
9648,27668,2009,1
9648,32072,2009,1
9648,32111,2009,1
9674,10171,1992,1
9674,25126,1992,1
9712,15968,1993,1
9712,16571,1993,1
9713,10687,1995,1
9713,11266,1995,1
9713,11537,1995,1
9713,11999,1995,1
9713,12478,1995,1
9713,12788,1995,1
9713,13108,1995,1
9713,13401,1995,1
9713,13732,1995,1
9713,14750,1995,1
9713,17938,1995,1
9713,19491,1995,1
9713,20713,1995,1
9713,20772,1995,1
9713,21530,1995,1
9713,22231,1995,1
9713,22898,1995,1
9713,23534,1995,1
9713,24017,1995,1
9713,24340,1995,1
9713,24744,1995,1
9713,24780,1995,1
9713,25885,1995,1
9713,26856,1995,1
9713,27433,1995,1
9713,30111,1995,1
9713,31756,1995,1
9758,25772,1999,1
9807,14187,1999,1
9821,10191,1991,1
9821,10442,1991,1
9821,10698,1991,1
9821,14106,1991,1
9821,14294,1991,1
9821,14732,1991,1
9821,14750,1991,1
9821,16188,1991,1
9821,16840,1991,1
9821,19914,1991,1
9821,20439,1991,1
9821,21530,1991,1
9821,26121,1991,1
9821,28277,1991,1
9821,30021,1991,1
9821,31098,1991,1
9821,31906,1991,1
9821,32022,1991,1
9919,19532,1991,1
9919,23792,1991,1
9919,25306,1991,1
9970,12238,2000,1
9970,31485,1996,1
10038,22068,2007,1
10103,24230,1997,1
10103,25144,1997,1
10103,32145,1997,1
10115,28335,2006,1
10131,11736,1990,1
10138,14903,2011,1
10138,31877,2016,1
10152,30539,2003,1
10166,24068,1995,1
10166,32314,2007,1
10171,23032,1993,1
10171,25126,1992,1
10191,10442,1991,1
10191,10698,1991,1
10191,14106,1991,1
10191,14294,1991,1
10191,14732,1991,1
10191,14750,1991,1
10191,16188,1991,1
10191,16840,1991,1
10191,19914,1991,1
10191,20439,1991,1
10191,21530,1991,1
10191,26121,1991,1
10191,28277,1991,1
10191,30021,1991,1
10191,31098,1991,1
10191,31906,1991,1
10191,32022,1991,1
10203,19650,2005,1
10231,30095,1992,1
10239,24403,1993,1
10259,23011,2009,1
10259,28335,2009,1
10259,32272,2009,1
10330,17176,2000,1
10332,11305,2006,1
10332,23952,2006,1
10332,30893,2006,1
10351,29384,2004,1
10352,10809,2001,1
10352,10902,2001,1
10352,11413,2001,1
10352,12961,2001,1
10352,13401,2001,1
10352,14313,2001,1
10352,16171,2001,1
10352,16345,2001,1
10352,16886,2001,1
10352,19934,2001,1
10352,22172,2001,1
10352,23265,2001,1
10352,26167,2001,1
10352,28411,2001,1
10352,29817,2001,1
10352,29842,2001,1
10352,30677,2001,1
10352,31906,2001,1
10442,10698,1991,1
10442,14106,1991,1
10442,14294,1991,1
10442,14732,1991,1
10442,14750,1991,1
10442,16188,1991,1
10442,16840,1991,1
10442,19914,1991,1
10442,20439,1991,1
10442,21530,1991,1
10442,26121,1991,1
10442,28277,1991,1
10442,30021,1991,1
10442,31098,1991,1
10442,31906,1991,1
10442,32022,1991,1
10449,12177,2010,1
10449,16513,2010,1
10528,31073,1992,1
10542,25576,1995,1
10560,11680,1999,1
10560,21287,1999,1
10663,13576,1993,1
10663,30474,1993,1
10696,31831,2004,1
10698,14106,1991,1
10698,14294,1991,1
10698,14732,1991,1
10698,14750,1991,1
10698,16188,1991,1
10698,16840,1991,1
10698,19914,1991,1
10698,20439,1991,1
10698,21530,1991,1
10698,26121,1991,1
10698,28277,1991,1
10698,30021,1991,1
10698,31098,1991,1
10698,31906,1991,1
10698,32022,1991,1
10731,29966,1994,1
10731,30815,1997,1
10774,12391,2000,1
10774,12391,2001,1
10809,10902,2001,1
10809,11413,2001,1
10809,12961,2001,1
10809,13401,2001,1
10809,14313,2001,1
10809,16171,2001,1
10809,16345,2001,1
10809,16886,2001,1
10809,19934,2001,1
10809,22172,2001,1
10809,23265,2001,1
10809,26167,2001,1
10809,28411,2001,1
10809,29817,2001,1
10809,29842,2001,1
10809,30677,2001,1
10809,31906,2001,1
10810,14638,1996,1
10890,24189,2005,1
10902,11413,2001,1
10902,12961,2001,1
10902,13401,2001,1
10902,14313,2001,1
10902,16171,2001,1
10902,16345,2001,1
10902,16886,2001,1
10902,19934,2001,1
10902,22172,2001,1
10902,23265,2001,1
10902,26167,2001,1
10902,28411,2001,1
10902,29817,2001,1
10902,29842,2001,1
10902,30677,2001,1
10902,31906,2001,1
10951,17539,2005,1
10951,17539,2007,1
10966,17414,1996,1
10996,18322,1997,1
11077,12612,2003,1
11117,13637,2012,1
11117,32307,2012,1
11129,18092,1998,1
11141,13447,1993,1
11169,12558,1997,1
11169,20207,1997,1
11194,15747,1995,1
11194,20220,1997,1
11194,22174,1997,1
11194,27170,2004,1
11194,27274,1997,1
11194,31590,1996,1
11194,31629,1996,1
11194,31629,1997,1
11194,31994,1996,1
11239,29830,2004,1
11266,11537,1995,1
11266,11999,1995,1
11266,12478,1995,1
11266,12788,1995,1
11266,13108,1995,1
11266,13401,1995,1
11266,13732,1995,1
11266,14750,1995,1
11266,16337,2007,1
11266,17938,1995,1
11266,19491,1995,1
11266,20713,1995,1
11266,20772,1995,1
11266,21530,1995,1
11266,22231,1995,1
11266,22255,2007,1
11266,22898,1995,1
11266,23534,1995,1
11266,24017,1995,1
11266,24340,1995,1
11266,24744,1995,1
11266,24780,1995,1
11266,25885,1995,1
11266,26856,1995,1
11266,27433,1995,1
11266,30111,1995,1
11266,31756,1995,1
11266,31951,2007,1
11305,20959,2006,1
11305,21309,2006,1
11305,30756,2006,1
11305,30893,2006,1
11305,32307,2006,1
11365,23703,1999,1
11365,25615,1999,1
11365,26225,1999,1
11365,27101,1997,1
11383,15081,2006,1
11383,21389,2006,1
11412,29677,1995,1
11413,12961,2001,1
11413,13401,2001,1
11413,14313,2001,1
11413,16171,2001,1
11413,16345,2001,1
11413,16886,2001,1
11413,19934,2001,1
11413,22172,2001,1
11413,23265,2001,1
11413,26167,2001,1
11413,28411,2000,1
11413,28411,2001,1
11413,29817,2001,1
11413,29842,2001,1
11413,30677,2001,1
11413,31906,2001,1
11414,26101,1996,1
11436,31631,2001,1
11463,17938,2001,1
11524,30512,1993,1
11533,32175,2006,1
11537,11999,1995,1
11537,12478,1995,1
11537,12788,1995,1
11537,13108,1995,1
11537,13401,1995,1
11537,13612,1998,1
11537,13732,1995,1
11537,14750,1995,1
11537,17938,1995,1
11537,19491,1995,1
11537,20713,1995,1
11537,20772,1995,1
11537,21530,1995,1
11537,22231,1995,1
11537,22898,1995,1
11537,23534,1995,1
11537,24017,1995,1
11537,24340,1995,1
11537,24744,1995,1
11537,24780,1995,1
11537,25885,1995,1
11537,26856,1995,1
11537,27433,1995,1
11537,30111,1995,1
11537,31756,1995,1
11634,11763,1995,1
11634,13189,1995,1
11634,18410,1995,1
11634,19994,1995,1
11634,29297,1995,1
11680,22827,1990,1
11736,20884,1993,1
11755,18332,2002,1
11762,13594,2003,1
11762,13788,2003,1
11778,27694,2000,1
11798,22200,2015,1
11816,26120,1998,1
11816,30795,1998,1
11983,20911,1993,1
11999,12176,2001,1
11999,12478,1995,1
11999,12788,1995,1
11999,13108,1995,1
11999,13401,1995,1
11999,13732,1995,1
11999,14750,1995,1
11999,17938,1995,1
11999,19491,1995,1
11999,20713,1995,1
11999,20772,1995,1
11999,21530,1995,1
11999,22231,1995,1
11999,22898,1995,1
11999,23534,1995,1
11999,24017,1995,1
11999,24340,1995,1
11999,24744,1995,1
11999,24780,1995,1
11999,24790,2001,1
11999,25885,1995,1
11999,26856,1995,1
11999,27433,1995,1
11999,30111,1995,1
11999,31756,1995,1
12007,31756,1994,1
12074,12524,2004,1
12074,12524,2006,1
12074,12825,2004,1
12074,24676,2004,1
12074,24676,2006,1
12082,24326,2003,1
12104,14712,1996,1
12104,15237,1996,1
12104,17507,1996,1
12104,21327,1996,1
12109,29384,2001,1
12146,13250,2005,1
12146,19108,2005,1
12176,14045,1994,1
12176,15502,1994,1
12176,21194,1994,1
12176,21974,1994,1
12176,27101,2009,1
12176,28805,1994,1
12176,32020,1996,1
12177,16513,2010,1
12177,25345,2009,1
12177,27101,2000,1
12177,27997,2007,1
12177,29842,2000,1
12177,32384,2000,1
12195,29844,2011,1
12195,32071,2011,1
12220,28418,2000,1
12238,12409,1998,1
12238,22613,1995,1
12259,14055,2006,1
12259,20661,1995,1
12259,20661,1996,1
12259,31392,1995,1
12263,26856,1996,1
12313,13777,2001,1
12313,32022,2001,1
12342,19972,2008,1
12342,29730,2008,1
12364,24877,1997,1
12375,23376,2008,1
12375,28748,2006,1
12409,17816,1996,1
12478,12788,1995,1
12478,13108,1995,1
12478,13401,1995,1
12478,13732,1995,1
12478,14750,1995,1
12478,17938,1995,1
12478,19491,1995,1
12478,20713,1995,1
12478,20772,1995,1
12478,21530,1995,1
12478,22231,1995,1
12478,22898,1995,1
12478,23534,1995,1
12478,24017,1995,1
12478,24340,1995,1
12478,24744,1995,1
12478,24780,1995,1
12478,25885,1995,1
12478,26856,1995,1
12478,27433,1995,1
12478,30111,1995,1
12478,31756,1995,1
12524,12825,2004,1
12524,24676,2004,1
12524,24676,2006,1
12558,20207,1997,1
12558,31845,1993,1
12595,25677,2006,1
12595,27009,2005,1
12617,28140,2000,1
12623,24247,1994,1
12623,28970,1997,1
12627,17938,1994,1
12640,23953,1997,1
12640,30097,1997,1
12640,32307,2010,1
12782,23390,2009,1
12782,29120,2009,1
12782,32084,2009,1
12788,13108,1995,1
12788,13401,1995,1
12788,13732,1995,1
12788,14750,1995,1
12788,15760,1996,1
12788,17938,1995,1
12788,18104,1996,1
12788,19155,1991,1
12788,19491,1995,1
12788,20713,1995,1
12788,20772,1995,1
12788,21530,1995,1
12788,22231,1995,1
12788,22809,1996,1
12788,22810,1996,1
12788,22898,1995,1
12788,23253,1996,1
12788,23534,1995,1
12788,24017,1995,1
12788,24340,1995,1
12788,24744,1995,1
12788,24780,1995,1
12788,25885,1995,1
12788,26856,1995,1
12788,27433,1995,1
12788,30111,1995,1
12788,30710,1996,1
12788,31756,1995,1
12868,19006,1992,1
12961,13401,2001,1
12961,14313,2001,1
12961,16171,2001,1
12961,16345,2001,1
12961,16886,2001,1
12961,19934,2001,1
12961,22172,2001,1
12961,23265,2001,1
12961,26167,2001,1
12961,28411,2001,1
12961,28418,2003,1
12961,29817,2001,1
12961,29842,2001,1
12961,30677,2001,1
12961,31906,2001,1
12978,13838,1997,1
12978,31833,1997,1
12999,19333,1991,1
13028,24251,2006,1
13093,21364,2009,1
13093,22554,2009,1
13093,25983,2009,1
13093,27668,2009,1
13093,32072,2009,1
13093,32111,2009,1
13095,23207,1997,1
13095,32166,1997,1
13108,13401,1995,1
13108,13732,1995,1
13108,14750,1995,1
13108,17938,1995,1
13108,19491,1995,1
13108,20713,1995,1
13108,20772,1995,1
13108,21530,1995,1
13108,22231,1995,1
13108,22898,1995,1
13108,23534,1995,1
13108,24017,1995,1
13108,24340,1995,1
13108,24744,1995,1
13108,24780,1995,1
13108,25885,1995,1
13108,26856,1995,1
13108,27433,1995,1
13108,30111,1995,1
13108,31756,1995,1
13111,23807,1995,1
13111,26101,1995,1
13137,32067,1997,1
13250,19108,2005,1
13256,15234,2006,1
13312,24326,2005,1
13312,32274,2009,1
13335,23783,1996,1
13359,31944,1998,1
13361,20150,1997,1
13401,13732,1995,1
13401,14313,2001,1
13401,14750,1995,1
13401,16171,2001,1
13401,16345,2001,1
13401,16886,2001,1
13401,17938,1995,1
13401,19491,1995,1
13401,19934,2001,1
13401,20099,1990,1
13401,20713,1995,1
13401,20772,1995,1
13401,20944,1988,1
13401,21530,1995,1
13401,22172,2001,1
13401,22231,1995,1
13401,22898,1995,1
13401,23265,2001,1
13401,23534,1995,1
13401,24017,1995,1
13401,24340,1995,1
13401,24744,1995,1
13401,24780,1995,1
13401,25885,1995,1
13401,26167,2001,1
13401,26856,1995,1
13401,27101,2007,1
13401,27433,1995,1
13401,28411,2001,1
13401,29817,2001,1
13401,29842,2001,1
13401,30111,1995,1
13401,30677,2001,1
13401,31139,1988,1
13401,31756,1995,1
13401,31906,2001,1
13401,32094,1990,1
13424,17434,2004,1
13447,32025,1993,1
13576,19227,2001,1
13576,30474,1993,1
13594,13788,2003,1
13594,27303,2000,1
13594,29817,1999,1
13594,29817,2000,1
13598,14896,2005,1
13598,14937,1991,1
13598,15488,1991,1
13598,16881,2005,1
13598,21712,1991,1
13598,22644,2005,1
13598,28273,1991,1
13598,30906,1991,1
13598,31119,2005,1
13598,31882,2005,1
13598,32401,2005,1
13604,31641,1999,1
13732,14750,1995,1
13732,17938,1995,1
13732,19491,1995,1
13732,20713,1995,1
13732,20772,1995,1
13732,21530,1995,1
13732,22231,1995,1
13732,22898,1995,1
13732,23534,1995,1
13732,24017,1995,1
13732,24340,1995,1
13732,24744,1995,1
13732,24780,1995,1
13732,25885,1995,1
13732,26856,1995,1
13732,27433,1995,1
13732,30111,1995,1
13732,31756,1995,1
13740,17534,1990,1
13740,17817,1990,1
13740,18341,1990,1
13740,22301,1990,1
13740,24251,1990,1
13740,26280,1990,1
13740,26863,1990,1
13740,27602,1990,1
13740,28255,1990,1
13740,28273,1990,1
13740,28459,1990,1
13740,29882,1990,1
13740,29917,1990,1
13740,30841,1990,1
13740,30849,1990,1
13740,32074,1990,1
13777,16458,1999,1
13781,32336,2001,1
13788,28540,2001,1
13788,30607,1998,1
13838,28685,1994,1
13838,31833,1997,1
13852,16317,2002,1
13852,16927,2001,1
13852,32071,2002,1
13872,17442,2006,1
13876,26096,1994,1
13937,25602,2011,1
13990,31482,1989,1
13995,23362,1992,1
13995,29677,1992,1
14045,15502,1994,1
14045,28805,1993,1
14106,14294,1991,1
14106,14732,1991,1
14106,14750,1991,1
14106,16188,1991,1
14106,16840,1991,1
14106,19108,1988,1
14106,19914,1991,1
14106,20439,1991,1
14106,21530,1991,1
14106,22795,1996,1
14106,26121,1991,1
14106,28277,1991,1
14106,30021,1991,1
14106,31098,1991,1
14106,31906,1991,1
14106,32022,1991,1
14294,14732,1991,1
14294,14750,1991,1
14294,15228,2016,1
14294,16188,1991,1
14294,16840,1991,1
14294,19914,1991,1
14294,20439,1991,1
14294,21530,1991,1
14294,26121,1991,1
14294,28277,1991,1
14294,30021,1991,1
14294,31098,1991,1
14294,31906,1991,1
14294,32022,1991,1
14313,16171,2001,1
14313,16345,2001,1
14313,16886,2001,1
14313,19934,2001,1
14313,22172,2001,1
14313,23265,2001,1
14313,26167,2001,1
14313,28411,2001,1
14313,29817,2001,1
14313,29842,2001,1
14313,30677,2001,1
14313,31906,2001,1
14399,20080,1990,1
14415,31970,1993,1
14616,17530,2008,1
14630,30166,1995,1
14638,19797,2000,1
14638,29841,2000,1
14638,32280,1998,1
14682,17688,1992,1
14696,31925,2014,1
14712,15237,1996,1
14712,17507,1996,1
14712,21327,1996,1
14721,32107,2003,1
14731,27602,1993,1
14732,14750,1991,1
14732,16188,1991,1
14732,16840,1991,1
14732,19914,1991,1
14732,20439,1991,1
14732,21530,1991,1
14732,26121,1991,1
14732,28277,1991,1
14732,30021,1991,1
14732,31098,1991,1
14732,31906,1991,1
14732,32022,1991,1
14750,16188,1991,1
14750,16840,1991,1
14750,17938,1995,1
14750,19491,1995,1
14750,19914,1991,1
14750,20439,1991,1
14750,20713,1995,1
14750,20772,1995,1
14750,21530,1991,1
14750,21530,1995,1
14750,22231,1995,1
14750,22898,1995,1
14750,23534,1995,1
14750,24017,1995,1
14750,24340,1995,1
14750,24744,1995,1
14750,24780,1995,1
14750,25885,1995,1
14750,26121,1991,1
14750,26856,1995,1
14750,27433,1995,1
14750,28277,1991,1
14750,30021,1991,1
14750,30111,1995,1
14750,31098,1991,1
14750,31756,1995,1
14750,31906,1991,1
14750,32022,1991,1
14767,20661,2009,1
14767,21876,2009,1
14767,25717,2009,1
14780,32188,2004,1
14882,27279,2004,1
14903,29772,2014,1
14965,29741,1997,1
15081,21389,2006,1
15097,32022,1991,1
15137,31420,1991,1
15194,29676,2004,1
15194,32288,2006,1
15228,18894,2000,1
15228,29892,2006,1
15243,25962,1999,1
15311,32376,1993,1
15336,20955,1990,1
15344,18896,1999,1
15344,20913,1993,1
15368,25699,2015,1
15395,24230,1996,1
15395,29210,1996,1
15430,18091,2006,1
15465,26692,1998,1
15502,28805,1993,1
15622,17946,1995,1
15622,30417,1995,1
15704,26022,1993,1
15744,31912,2011,1
15760,18104,1996,1
15760,20254,1993,1
15760,22809,1996,1
15760,22810,1996,1
15760,23253,1996,1
15760,30710,1996,1
15956,25491,2003,1
15956,25503,2003,1
15956,25528,2003,1
15956,25962,2000,1
15956,25962,2003,1
15956,27439,2003,1
15956,28411,2000,1
15956,28411,2003,1
15956,32384,2003,1
15968,28652,1995,1
15999,22059,1994,1
16071,26209,2011,1
16112,25976,2000,1
16112,29297,2000,1
16171,16345,2001,1
16171,16886,2001,1
16171,19934,2001,1
16171,22172,2001,1
16171,23265,2001,1
16171,26167,2001,1
16171,28411,2001,1
16171,29817,2001,1
16171,29842,2001,1
16171,30677,2001,1
16171,31906,2001,1
16188,16840,1991,1
16188,19914,1991,1
16188,20439,1991,1
16188,21530,1991,1
16188,26121,1991,1
16188,28277,1991,1
16188,30021,1991,1
16188,31098,1991,1
16188,31906,1991,1
16188,32022,1991,1
16206,22554,2014,1
16227,27439,1997,1
16337,22255,2007,1
16337,31951,2007,1
16345,16886,2001,1
16345,19934,2001,1
16345,22172,2001,1
16345,23265,2001,1
16345,26167,2001,1
16345,26925,1997,1
16345,28411,2001,1
16345,29817,2001,1
16345,29842,2001,1
16345,30677,2001,1
16345,31199,2001,1
16345,31237,1997,1
16345,31906,2001,1
16396,17372,2007,1
16427,22216,2009,1
16427,25126,1992,1
16427,25772,1998,1
16427,29210,1998,1
16427,31482,1993,1
16427,31482,1995,1
16439,21837,1991,1
16447,19329,2002,1
16477,16680,1991,1
16477,21541,1992,1
16477,31514,1991,1
16544,25364,2000,1
16617,25191,2007,1
16699,30765,2005,1
16810,22731,2009,1
16840,19914,1991,1
16840,20439,1991,1
16840,21530,1991,1
16840,26121,1991,1
16840,28277,1991,1
16840,30021,1991,1
16840,31098,1991,1
16840,31906,1991,1
16840,32022,1991,1
16873,20218,2008,1
16878,27330,1996,1
16881,17688,2002,1
16881,21041,2005,1
16881,32052,2005,1
16886,19934,2001,1
16886,22172,2001,1
16886,23265,2001,1
16886,26167,2001,1
16886,28411,2001,1
16886,29817,2001,1
16886,29842,2001,1
16886,30351,2002,1
16886,30677,2001,1
16886,31906,2001,1
16894,32254,1992,1
16894,32254,1993,1
16901,18111,2000,1
16945,20798,2008,1
16945,29452,2008,1
17037,28249,1999,1
17087,26866,1996,1
17103,22704,2009,1
17111,28871,2008,1
17111,29612,1996,1
17176,24591,2008,1
17275,27486,1996,1
17285,17397,2002,1
17285,31896,2002,1
17369,25491,2002,1
17369,25631,2002,1
17397,31896,2002,1
17438,19522,1990,1
17438,19858,1995,1
17438,30841,1995,1
17438,30862,1991,1
17508,18266,1995,1
17534,17817,1990,1
17534,18341,1990,1
17534,22301,1990,1
17534,24251,1990,1
17534,26280,1990,1
17534,26863,1990,1
17534,27602,1990,1
17534,28255,1990,1
17534,28273,1990,1
17534,28459,1990,1
17534,29882,1990,1
17534,29917,1990,1
17534,30841,1990,1
17534,30849,1990,1
17534,32074,1990,1
17548,26385,1999,1
17555,29225,1998,1
17587,22622,1997,1
17587,26561,1997,1
17587,32433,1997,1
17666,29398,2003,1
17666,31910,2003,1
17679,24189,1993,1
17679,31612,1996,1
17679,31842,1996,1
17938,19491,1995,1
17938,20713,1995,1
17938,20772,1995,1
17938,21530,1995,1
17938,22231,1995,1
17938,22898,1995,1
17938,23534,1995,1
17938,24017,1995,1
17938,24340,1995,1
17938,24744,1995,1
17938,24780,1995,1
17938,25885,1995,1
17938,26856,1995,1
17938,27433,1995,1
17938,30111,1995,1
17938,31756,1995,1
17946,30417,1995,1
17991,30388,1995,1
18043,25131,1992,1
18083,23265,1996,1
18083,26504,1996,1
18104,22809,1996,1
18104,22810,1996,1
18104,23253,1996,1
18104,29480,2000,1
18104,30710,1996,1
18206,29942,2006,1
18225,32052,2001,1
18293,22810,1996,1
18293,24941,1998,1
18295,18896,2008,1
18315,21609,1992,1
18315,28335,1992,1
18341,20713,1994,1
18341,22301,1990,1
18341,24251,1990,1
18341,26280,1990,1
18341,26863,1990,1
18341,27602,1990,1
18341,28255,1990,1
18341,28273,1990,1
18341,28459,1990,1
18341,29882,1990,1
18341,29917,1990,1
18341,30841,1990,1
18341,30849,1990,1
18341,32074,1990,1
18410,19994,1995,1
18410,29297,1995,1
18472,19344,2010,1
18472,30933,2010,1
18472,32310,2010,1
18719,21883,2006,1
18721,21885,1994,1
18828,25197,2006,1
18896,20030,1995,1
18896,32068,2000,1
18902,25149,2003,1
18985,26675,2000,1
19006,25126,1995,1
19006,31482,1995,1
19048,28459,1997,1
19108,22172,2007,1
19130,27504,2006,1
19130,30710,2006,1
19130,30841,2006,1
19227,19313,2009,1
19313,23703,1997,1
19344,27745,1996,1
19384,21340,2015,1
19491,20713,1995,1
19491,20772,1995,1
19491,21530,1995,1
19491,22231,1995,1
19491,22898,1995,1
19491,23534,1995,1
19491,24017,1995,1
19491,24340,1995,1
19491,24744,1995,1
19491,24780,1995,1
19491,25885,1995,1
19491,26856,1995,1
19491,27433,1995,1
19491,30111,1995,1
19491,31756,1995,1
19501,31818,1997,1
19501,31818,2002,1
19522,23253,2006,1
19590,20100,1991,1
19590,25373,1991,1
19620,21609,2005,1
19797,29841,2000,1
19812,20950,2000,1
19812,22618,2010,1
19812,31948,2010,1
19834,23067,2009,1
19834,24996,2006,1
19906,32265,2010,1
19914,20439,1991,1
19914,21530,1991,1
19914,26121,1991,1
19914,28277,1991,1
19914,30021,1991,1
19914,31098,1991,1
19914,31906,1991,1
19914,32022,1991,1
19934,22172,2001,1
19934,23265,2001,1
19934,26167,2001,1
19934,28411,2001,1
19934,29817,2001,1
19934,29842,2001,1
19934,30677,2001,1
19934,31906,2001,1
19972,29730,2008,1
19997,20030,1994,1
20030,32030,1996,1
20058,20495,2014,1
20058,23253,2014,1
20058,24311,2014,1
20058,24810,2008,1
20080,28277,1998,1
20100,21837,1991,1
20100,25878,1996,1
20114,30710,2006,1
20115,21483,1993,1
20220,22174,1997,1
20220,27274,1997,1
20289,21609,1989,1
20317,24403,1990,1
20385,29729,1998,1
20385,32025,1998,1
20408,22883,1999,1
20439,21530,1991,1
20439,26121,1991,1
20439,28277,1991,1
20439,30021,1991,1
20439,31098,1991,1
20439,31906,1991,1
20439,32022,1991,1
20495,21551,1996,1
20554,32067,1997,1
20661,21876,2009,1
20661,25717,2009,1
20661,31392,1995,1
20706,26096,1997,1
20713,20772,1995,1
20713,21530,1995,1
20713,22231,1995,1
20713,22898,1995,1
20713,23534,1995,1
20713,24017,1995,1
20713,24340,1995,1
20713,24744,1995,1
20713,24780,1995,1
20713,25885,1995,1
20713,26856,1995,1
20713,27433,1995,1
20713,30111,1995,1
20713,31756,1995,1
20772,21530,1995,1
20772,22231,1995,1
20772,22898,1995,1
20772,23534,1995,1
20772,24017,1995,1
20772,24340,1995,1
20772,24744,1995,1
20772,24780,1995,1
20772,25885,1995,1
20772,26856,1995,1
20772,27433,1995,1
20772,30111,1995,1
20772,31756,1995,1
20798,29452,2008,1
20817,27214,1994,1
20817,28459,1994,1
20817,32306,1994,1
20958,25416,2007,1
20959,21309,2006,1
20959,24794,1992,1
20959,30756,2006,1
20959,30893,2006,1
20959,32307,2006,1
20959,32314,1992,1
21041,32052,2005,1
21197,30607,2002,1
21229,24877,2005,1
21238,26240,2001,1
21286,25442,2007,1
21286,31307,2007,1
21293,32025,2010,1
21309,27270,1997,1
21309,30756,2006,1
21309,30893,2006,1
21309,32307,2006,1
21314,28327,1998,1
21362,31648,2012,1
21364,22554,2009,1
21364,25983,2009,1
21364,27668,2009,1
21364,32072,2009,1
21364,32111,2009,1
21371,26980,2001,1
21448,27412,1998,1
21448,32397,1998,1
21530,22231,1995,1
21530,22898,1995,1
21530,23534,1995,1
21530,24017,1995,1
21530,24340,1995,1
21530,24744,1995,1
21530,24780,1995,1
21530,25885,1995,1
21530,26121,1991,1
21530,26856,1995,1
21530,27433,1995,1
21530,28277,1991,1
21530,30021,1991,1
21530,30111,1995,1
21530,31098,1991,1
21530,31756,1995,1
21530,31906,1991,1
21530,32022,1991,1
21551,23205,2000,1
21551,23205,2002,1
21615,32199,2000,1
21634,27663,1996,1
21634,31756,1992,1
21703,21963,1995,1
21710,30039,2003,1
21712,30107,1989,1
21712,31514,1989,1
21773,25998,1995,1
21856,30111,1991,1
21876,25717,2009,1
21876,26616,2017,1
21885,29842,2005,1
21963,24740,1995,1
21963,29842,1997,1
21974,28805,1994,1
22022,24877,1997,1
22081,30539,1996,1
22172,23265,2001,1
22172,26167,2001,1
22172,28411,2001,1
22172,29817,2001,1
22172,29842,2001,1
22172,30677,2001,1
22172,31906,2001,1
22174,27274,1997,1
22231,22898,1995,1
22231,23534,1995,1
22231,24017,1995,1
22231,24340,1995,1
22231,24744,1995,1
22231,24780,1995,1
22231,25885,1995,1
22231,26856,1995,1
22231,27433,1995,1
22231,30111,1995,1
22231,31756,1995,1
22301,24251,1990,1
22301,26280,1990,1
22301,26863,1990,1
22301,27602,1990,1
22301,28255,1990,1
22301,28273,1990,1
22301,28459,1990,1
22301,29882,1990,1
22301,29917,1990,1
22301,30841,1990,1
22301,30849,1990,1
22301,32074,1990,1
22337,32309,2008,1
22337,32322,2008,1
22554,25781,2007,1
22554,25983,2007,1
22554,25983,2009,1
22554,27668,2009,1
22554,32072,2009,1
22554,32111,2009,1
22613,28084,1997,1
22622,24359,2006,1
22622,26561,1997,1
22622,32433,1997,1
22809,22810,1996,1
22809,23253,1996,1
22809,25584,1993,1
22809,30710,1996,1
22810,23253,1996,1
22810,30710,1996,1
22828,27021,1998,1
22848,23265,2003,1
22848,28321,1995,1
22898,23534,1995,1
22898,24017,1995,1
22898,24340,1995,1
22898,24744,1995,1
22898,24780,1995,1
22898,25885,1995,1
22898,26856,1995,1
22898,27433,1995,1
22898,30111,1995,1
22898,31756,1995,1
23011,28335,2009,1
23011,32272,2009,1
23106,27634,1997,1
23207,32166,1997,1
23253,30710,1996,1
23265,26167,2001,1
23265,28411,2001,1
23265,29817,2001,1
23265,29842,2001,1
23265,30677,2001,1
23265,31906,2001,1
23362,29677,1992,1
23388,29297,2000,1
23402,25164,1998,1
23534,24017,1995,1
23534,24188,1991,1
23534,24340,1995,1
23534,24744,1995,1
23534,24780,1995,1
23534,25885,1995,1
23534,26856,1995,1
23534,27433,1995,1
23534,30111,1992,1
23534,30111,1995,1
23534,31756,1995,1
23633,30166,1993,1
23726,32233,1997,1
23807,24188,2005,1
23807,26101,1995,1
23841,25077,2003,1
23841,27778,2003,1
23841,31052,2003,1
23841,31052,2014,1
24017,24340,1995,1
24017,24744,1995,1
24017,24780,1995,1
24017,25885,1995,1
24017,26856,1995,1
24017,27433,1995,1
24017,30111,1995,1
24017,31756,1995,1
24026,24464,1997,1
24026,31631,1997,1
24140,29940,2011,1
24145,29148,2001,1
24188,28029,1991,1
24188,29841,1991,1
24189,30351,1994,1
24251,26280,1990,1
24251,26863,1990,1
24251,27602,1990,1
24251,28255,1990,1
24251,28273,1990,1
24251,28459,1990,1
24251,29882,1990,1
24251,29917,1990,1
24251,30841,1990,1
24251,30849,1990,1
24251,32074,1990,1
24271,25631,2002,1
24271,26692,2002,1
24271,26832,2002,1
24271,31900,2002,1
24271,31929,2002,1
24271,31950,2002,1
24340,24744,1995,1
24340,24780,1995,1
24340,25885,1995,1
24340,26856,1995,1
24340,27433,1995,1
24340,30111,1995,1
24340,31756,1995,1
24403,31756,1993,1
24414,24415,1997,1
24414,25252,1997,1
24414,29255,1998,1
24415,25252,1998,1
24415,25300,1998,1
24464,31631,1997,1
24572,24904,2011,1
24596,24844,2007,1
24740,29842,2000,1
24740,32265,2000,1
24744,24780,1995,1
24744,25885,1995,1
24744,26856,1995,1
24744,27433,1995,1
24744,30111,1995,1
24744,31756,1995,1
24780,25885,1995,1
24780,26856,1995,1
24780,27433,1995,1
24780,30111,1995,1
24780,31756,1995,1
25031,29033,2006,1
25039,27849,2004,1
25039,32265,2004,1
25186,25252,1998,1
25191,32259,2006,1
25197,32141,2011,1
25252,25300,1998,1
25299,28327,1997,1
25306,31828,2009,1
25306,31908,2009,1
25338,32172,2001,1
25338,32220,2001,1
25338,32441,2001,1
25370,29375,1995,1
25442,31307,2007,1
25459,25998,2007,1
25491,25503,2003,1
25491,25528,2003,1
25491,25631,2002,1
25491,25962,2003,1
25491,27439,2003,1
25491,28411,2003,1
25491,32384,2003,1
25503,25528,2003,1
25503,25962,2003,1
25503,27439,2003,1
25503,28411,2003,1
25503,32384,2003,1
25584,28280,2002,1
25700,27651,2005,1
25772,29210,1998,1
25781,25983,2007,1
25846,26832,1995,1
25846,31590,1995,1
25864,29254,2005,1
25885,26856,1995,1
25885,27433,1995,1
25885,30111,1995,1
25885,31756,1995,1
25962,27439,2003,1
25962,28411,2000,1
25962,28411,2003,1
25962,32384,2003,1
26120,30795,1998,1
26121,28277,1991,1
26121,30021,1991,1
26121,31098,1991,1
26121,31906,1991,1
26121,32022,1991,1
26167,28411,2001,1
26167,29817,2001,1
26167,29842,2001,1
26167,30677,2001,1
26167,31906,2001,1
26168,31183,2005,1
26280,26863,1990,1
26280,27602,1990,1
26280,28255,1990,1
26280,28273,1990,1
26280,28459,1990,1
26280,29882,1990,1
26280,29917,1990,1
26280,30841,1990,1
26280,30849,1990,1
26280,32074,1990,1
26362,27339,1998,1
26362,31906,1991,1
26362,32047,1992,1
26362,32413,1998,1
26421,30978,2000,1
26561,32433,1997,1
26856,31989,1997,1
26863,27602,1990,1
26863,28255,1990,1
26863,28273,1990,1
26863,28459,1990,1
26863,29882,1990,1
26863,29917,1990,1
26863,30841,1990,1
26863,30849,1990,1
26863,32074,1990,1
26925,31237,1997,1
27101,29842,2000,1
27101,32384,2000,1
27114,32386,2004,1
27274,31629,1998,1
27303,29054,2002,1
27303,29817,2000,1
27339,32413,1998,1
27412,32397,1998,1
27423,30809,2004,1
27439,28411,2003,1
27439,32142,2008,1
27439,32384,2003,1
27602,28255,1990,1
27602,28273,1990,1
27602,28459,1990,1
27602,29882,1990,1
27602,29917,1990,1
27602,30841,1990,1
27602,30849,1990,1
27602,32074,1990,1
27668,32072,2009,1
27668,32111,2009,1
27740,30737,1997,1
27849,32265,2004,1
27921,32197,2003,1
28069,30114,2005,1
28084,29470,1995,1
28138,31902,2000,1
28138,31983,2000,1
28144,32274,2005,1
28153,29054,2001,1
28249,31001,2004,1
28255,28273,1990,1
28255,28459,1990,1
28255,29882,1990,1
28255,29917,1990,1
28255,30841,1990,1
28255,30849,1990,1
28255,32074,1990,1
28273,30906,1991,1
28277,30021,1991,1
28277,31098,1991,1
28277,31906,1991,1
28277,32022,1991,1
28335,32272,2009,1
28411,29817,2001,1
28411,29842,2001,1
28411,30677,2001,1
28411,30862,1998,1
28411,31906,2001,1
28411,32384,2000,1
28459,29882,1990,1
28459,29917,1990,1
28459,30841,1990,1
28459,30849,1990,1
28459,32074,1990,1
28503,30814,1995,1
28741,29033,2014,1
28867,31999,2000,1
29120,30561,2015,1
29297,32107,1998,1
29310,29940,2016,1
29375,32062,2002,1
29398,31910,2003,1
29729,32025,1998,1
29817,29842,2001,1
29817,30677,2001,1
29817,31906,2001,1
29842,30677,2001,1
29842,31906,2001,1
29842,32265,2000,1
29842,32384,2000,1
29882,32366,2008,1
29917,30841,1990,1
29917,30849,1990,1
29917,32074,1990,1
30021,31098,1991,1
30021,31906,1991,1
30021,32022,1991,1
30111,31756,1995,1
30215,32265,2005,1
30539,31906,2005,1
30620,30817,1994,1
30677,31906,2001,1
30710,30841,2006,1
30756,30893,2006,1
30756,32307,2006,1
30805,31859,2001,1
30817,32164,2000,1
30841,30849,1990,1
30841,32074,1990,1
30842,31906,1994,1
30849,32074,1990,1
30893,32307,2006,1
31034,31859,1999,1
31098,31906,1991,1
31098,32022,1991,1
31191,32096,2008,1
31199,31906,2001,1
31411,32202,2008,1
31590,31629,1996,1
31590,31994,1996,1
31629,31994,1996,1
31828,32275,2004,1
31831,32061,2014,1
31847,32329,2003,1
31878,31910,2009,1
31878,32295,2000,1
31878,32322,2000,1
31878,32375,2009,1
31906,32022,1991,1
31906,32413,2004,1
31910,32295,1999,1
31910,32322,1999,1
31910,32375,2009,1
31910,32440,1999,1
31942,32334,2008,1
32030,32197,2007,1
32039,32176,2015,1
32072,32111,2009,1
32130,32345,2007,1
32172,32440,1995,1
92,8839,1998,1
32307,32383,2010,1
92,16427,1998,1
92,25772,1998,1
92,29210,1998,1
127,645,1990,1
127,1932,1990,1
127,2369,1990,1
127,3220,1990,1
127,3927,1990,1
127,4844,1990,1
127,5259,1990,1
127,6315,1990,1
127,6351,1990,1
127,6747,1990,1
127,7015,1990,1
127,7532,1990,1
127,8138,1990,1
127,13740,1990,1
127,14882,2008,1
127,17534,1990,1
127,17817,1990,1
127,18341,1990,1
